word,freq,subreddits
ask,22,['<a href="https://www.reddit.com/r/AskReddit">r/AskReddit</a>', '<a href="https://www.reddit.com/r/ask">r/ask</a>', '<a href="https://www.reddit.com/r/AskMen">r/AskMen</a>', '<a href="https://www.reddit.com/r/TooAfraidToAsk">r/TooAfraidToAsk</a>', '<a href="https://www.reddit.com/r/AskUK">r/AskUK</a>', '<a href="https://www.reddit.com/r/AskNYC">r/AskNYC</a>', '<a href="https://www.reddit.com/r/askscience">r/askscience</a>', '<a href="https://www.reddit.com/r/askTO">r/askTO</a>', '<a href="https://www.reddit.com/r/AskMechanics">r/AskMechanics</a>', '<a href="https://www.reddit.com/r/AskAnAustralian">r/AskAnAustralian</a>', '<a href="https://www.reddit.com/r/askSingapore">r/askSingapore</a>', '<a href="https://www.reddit.com/r/askcarsales">r/askcarsales</a>', '<a href="https://www.reddit.com/r/AskMiddleEast">r/AskMiddleEast</a>', '<a href="https://www.reddit.com/r/AskHistorians">r/AskHistorians</a>', '<a href="https://www.reddit.com/r/askgaybros">r/askgaybros</a>', '<a href="https://www.reddit.com/r/AskAnAmerican">r/AskAnAmerican</a>', '<a href="https://www.reddit.com/r/asktransgender">r/asktransgender</a>', '<a href="https://www.reddit.com/r/AskWomenOver30">r/AskWomenOver30</a>', '<a href="https://www.reddit.com/r/AskCulinary">r/AskCulinary</a>', '<a href="https://www.reddit.com/r/AskDocs">r/AskDocs</a>', '<a href="https://www.reddit.com/r/AskFrance">r/AskFrance</a>', '<a href="https://www.reddit.com/r/AskACanadian">r/AskACanadian</a>']
meme,20,['<a href="https://www.reddit.com/r/memes">r/memes</a>', '<a href="https://www.reddit.com/r/dankmemes">r/dankmemes</a>', '<a href="https://www.reddit.com/r/wholesomememes">r/wholesomememes</a>', '<a href="https://www.reddit.com/r/dndmemes">r/dndmemes</a>', '<a href="https://www.reddit.com/r/marvelmemes">r/marvelmemes</a>', '<a href="https://www.reddit.com/r/PoliticalCompassMemes">r/PoliticalCompassMemes</a>', '<a href="https://www.reddit.com/r/HistoryMemes">r/HistoryMemes</a>', '<a href="https://www.reddit.com/r/MemePiece">r/MemePiece</a>', '<a href="https://www.reddit.com/r/meme">r/meme</a>', '<a href="https://www.reddit.com/r/lotrmemes">r/lotrmemes</a>', '<a href="https://www.reddit.com/r/Genshin_Memepact">r/Genshin_Memepact</a>', '<a href="https://www.reddit.com/r/LeagueOfMemes">r/LeagueOfMemes</a>', '<a href="https://www.reddit.com/r/terriblefacebookmemes">r/terriblefacebookmemes</a>', '<a href="https://www.reddit.com/r/distressingmemes">r/distressingmemes</a>', '<a href="https://www.reddit.com/r/PrequelMemes">r/PrequelMemes</a>', '<a href="https://www.reddit.com/r/animememes">r/animememes</a>', '<a href="https://www.reddit.com/r/IndianDankMemes">r/IndianDankMemes</a>', '<a href="https://www.reddit.com/r/TheRightCantMeme">r/TheRightCantMeme</a>', '<a href="https://www.reddit.com/r/Nbamemes">r/Nbamemes</a>', '<a href="https://www.reddit.com/r/mathmemes">r/mathmemes</a>']
game,17,['<a href="https://www.reddit.com/r/Games">r/Games</a>', '<a href="https://www.reddit.com/r/DestinyTheGame">r/DestinyTheGame</a>', '<a href="https://www.reddit.com/r/PiratedGames">r/PiratedGames</a>', '<a href="https://www.reddit.com/r/lostarkgame">r/lostarkgame</a>', '<a href="https://www.reddit.com/r/GameDeals">r/GameDeals</a>', '<a href="https://www.reddit.com/r/footballmanagergames">r/footballmanagergames</a>', '<a href="https://www.reddit.com/r/SatisfactoryGame">r/SatisfactoryGame</a>', '<a href="https://www.reddit.com/r/yakuzagames">r/yakuzagames</a>', '<a href="https://www.reddit.com/r/osugame">r/osugame</a>', '<a href="https://www.reddit.com/r/NoMansSkyTheGame">r/NoMansSkyTheGame</a>', '<a href="https://www.reddit.com/r/ShouldIbuythisgame">r/ShouldIbuythisgame</a>', '<a href="https://www.reddit.com/r/FreeGameFindings">r/FreeGameFindings</a>', '<a href="https://www.reddit.com/r/HarryPotterGame">r/HarryPotterGame</a>', '<a href="https://www.reddit.com/r/incremental_games">r/incremental_games</a>', '<a href="https://www.reddit.com/r/HadesTheGame">r/HadesTheGame</a>', '<a href="https://www.reddit.com/r/XboxGamePass">r/XboxGamePass</a>', '<a href="https://www.reddit.com/r/newworldgame">r/newworldgame</a>']
advice,15,['<a href="https://www.reddit.com/r/relationship_advice">r/relationship_advice</a>', '<a href="https://www.reddit.com/r/legaladvice">r/legaladvice</a>', '<a href="https://www.reddit.com/r/LegalAdviceUK">r/LegalAdviceUK</a>', '<a href="https://www.reddit.com/r/legaladvicecanada">r/legaladvicecanada</a>', '<a href="https://www.reddit.com/r/dating_advice">r/dating_advice</a>', '<a href="https://www.reddit.com/r/DogAdvice">r/DogAdvice</a>', '<a href="https://www.reddit.com/r/MechanicAdvice">r/MechanicAdvice</a>', '<a href="https://www.reddit.com/r/tattooadvice">r/tattooadvice</a>', '<a href="https://www.reddit.com/r/careeradvice">r/careeradvice</a>', '<a href="https://www.reddit.com/r/Advice">r/Advice</a>', '<a href="https://www.reddit.com/r/AdviceAnimals">r/AdviceAnimals</a>', '<a href="https://www.reddit.com/r/CatAdvice">r/CatAdvice</a>', '<a href="https://www.reddit.com/r/malehairadvice">r/malehairadvice</a>', '<a href="https://www.reddit.com/r/HeadphoneAdvice">r/HeadphoneAdvice</a>', '<a href="https://www.reddit.com/r/hvacadvice">r/hvacadvice</a>']
gaming,10,['<a href="https://www.reddit.com/r/gaming">r/gaming</a>', '<a href="https://www.reddit.com/r/pcgaming">r/pcgaming</a>', '<a href="https://www.reddit.com/r/GamingLeaksAndRumours">r/GamingLeaksAndRumours</a>', '<a href="https://www.reddit.com/r/gachagaming">r/gachagaming</a>', '<a href="https://www.reddit.com/r/Gamingcirclejerk">r/Gamingcirclejerk</a>', '<a href="https://www.reddit.com/r/linux_gaming">r/linux_gaming</a>', '<a href="https://www.reddit.com/r/macgaming">r/macgaming</a>', '<a href="https://www.reddit.com/r/gamingsuggestions">r/gamingsuggestions</a>', '<a href="https://www.reddit.com/r/GamingLaptops">r/GamingLaptops</a>', '<a href="https://www.reddit.com/r/IndianGaming">r/IndianGaming</a>']
irl,8,['<a href="https://www.reddit.com/r/meirl">r/meirl</a>', '<a href="https://www.reddit.com/r/anime_irl">r/anime_irl</a>', '<a href="https://www.reddit.com/r/China_irl">r/China_irl</a>', '<a href="https://www.reddit.com/r/furry_irl">r/furry_irl</a>', '<a href="https://www.reddit.com/r/real_China_irl">r/real_China_irl</a>', '<a href="https://www.reddit.com/r/IRLgirls">r/IRLgirls</a>', '<a href="https://www.reddit.com/r/2meirl4meirl">r/2meirl4meirl</a>', '<a href="https://www.reddit.com/r/2meirl4meirl">r/2meirl4meirl</a>']
anime,8,['<a href="https://www.reddit.com/r/anime">r/anime</a>', '<a href="https://www.reddit.com/r/Animemes">r/Animemes</a>', '<a href="https://www.reddit.com/r/anime_irl">r/anime_irl</a>', '<a href="https://www.reddit.com/r/goodanimemes">r/goodanimemes</a>', '<a href="https://www.reddit.com/r/9anime">r/9anime</a>', '<a href="https://www.reddit.com/r/animememes">r/animememes</a>', '<a href="https://www.reddit.com/r/animepiracy">r/animepiracy</a>', '<a href="https://www.reddit.com/r/AnimeFigures">r/AnimeFigures</a>']
war,6,['<a href="https://www.reddit.com/r/UkraineWarVideoReport">r/UkraineWarVideoReport</a>', '<a href="https://www.reddit.com/r/Warthunder">r/Warthunder</a>', '<a href="https://www.reddit.com/r/totalwar">r/totalwar</a>', '<a href="https://www.reddit.com/r/Warframe">r/Warframe</a>', '<a href="https://www.reddit.com/r/RussiaUkraineWar2022">r/RussiaUkraineWar2022</a>', '<a href="https://www.reddit.com/r/summonerswar">r/summonerswar</a>']
marvel,6,['<a href="https://www.reddit.com/r/marvelstudios">r/marvelstudios</a>', '<a href="https://www.reddit.com/r/marvelmemes">r/marvelmemes</a>', '<a href="https://www.reddit.com/r/Marvel">r/Marvel</a>', '<a href="https://www.reddit.com/r/MarvelSnap">r/MarvelSnap</a>', '<a href="https://www.reddit.com/r/MarvelStudiosSpoilers">r/MarvelStudiosSpoilers</a>', '<a href="https://www.reddit.com/r/MarvelStudios_Rumours">r/MarvelStudios_Rumours</a>']
home,6,['<a href="https://www.reddit.com/r/Home">r/Home</a>', '<a href="https://www.reddit.com/r/HomeMaintenance">r/HomeMaintenance</a>', '<a href="https://www.reddit.com/r/homelab">r/homelab</a>', '<a href="https://www.reddit.com/r/HomeImprovement">r/HomeImprovement</a>', '<a href="https://www.reddit.com/r/HomeNetworking">r/HomeNetworking</a>', '<a href="https://www.reddit.com/r/homeassistant">r/homeassistant</a>']
girl,6,['<a href="https://www.reddit.com/r/NotHowGirlsWork">r/NotHowGirlsWork</a>', '<a href="https://www.reddit.com/r/cosplaygirls">r/cosplaygirls</a>', '<a href="https://www.reddit.com/r/Nicegirls">r/Nicegirls</a>', '<a href="https://www.reddit.com/r/TheGirlSurvivalGuide">r/TheGirlSurvivalGuide</a>', '<a href="https://www.reddit.com/r/OfflinetvGirls">r/OfflinetvGirls</a>', '<a href="https://www.reddit.com/r/IRLgirls">r/IRLgirls</a>']
competitive,6,['<a href="https://www.reddit.com/r/CompetitiveTFT">r/CompetitiveTFT</a>', '<a href="https://www.reddit.com/r/ValorantCompetitive">r/ValorantCompetitive</a>', '<a href="https://www.reddit.com/r/WarhammerCompetitive">r/WarhammerCompetitive</a>', '<a href="https://www.reddit.com/r/CoDCompetitive">r/CoDCompetitive</a>', '<a href="https://www.reddit.com/r/Competitiveoverwatch">r/Competitiveoverwatch</a>', '<a href="https://www.reddit.com/r/CompetitiveApex">r/CompetitiveApex</a>']
world,5,['<a href="https://www.reddit.com/r/worldnews">r/worldnews</a>', '<a href="https://www.reddit.com/r/RimWorld">r/RimWorld</a>', '<a href="https://www.reddit.com/r/MonsterHunterWorld">r/MonsterHunterWorld</a>', '<a href="https://www.reddit.com/r/worldbuilding">r/worldbuilding</a>', '<a href="https://www.reddit.com/r/newworldgame">r/newworldgame</a>']
watch,5,['<a href="https://www.reddit.com/r/CrackWatch">r/CrackWatch</a>', '<a href="https://www.reddit.com/r/Overwatch">r/Overwatch</a>', '<a href="https://www.reddit.com/r/Watches">r/Watches</a>', '<a href="https://www.reddit.com/r/AppleWatch">r/AppleWatch</a>', '<a href="https://www.reddit.com/r/Competitiveoverwatch">r/Competitiveoverwatch</a>']
uk,5,['<a href="https://www.reddit.com/r/LegalAdviceUK">r/LegalAdviceUK</a>', '<a href="https://www.reddit.com/r/AskUK">r/AskUK</a>', '<a href="https://www.reddit.com/r/CasualUK">r/CasualUK</a>', '<a href="https://www.reddit.com/r/UKPersonalFinance">r/UKPersonalFinance</a>', '<a href="https://www.reddit.com/r/ukpolitics">r/ukpolitics</a>']
tip,5,['<a href="https://www.reddit.com/r/LifeProTips">r/LifeProTips</a>', '<a href="https://www.reddit.com/r/UnethicalLifeProTips">r/UnethicalLifeProTips</a>', '<a href="https://www.reddit.com/r/LinusTechTips">r/LinusTechTips</a>', '<a href="https://www.reddit.com/r/CleaningTips">r/CleaningTips</a>', '<a href="https://www.reddit.com/r/tipofmytongue">r/tipofmytongue</a>']
star,5,['<a href="https://www.reddit.com/r/HonkaiStarRail">r/HonkaiStarRail</a>', '<a href="https://www.reddit.com/r/HonkaiStarRail_leaks">r/HonkaiStarRail_leaks</a>', '<a href="https://www.reddit.com/r/StardewValley">r/StardewValley</a>', '<a href="https://www.reddit.com/r/starcitizen">r/starcitizen</a>', '<a href="https://www.reddit.com/r/Brawlstars">r/Brawlstars</a>']
pokemon,5,['<a href="https://www.reddit.com/r/pokemon">r/pokemon</a>', '<a href="https://www.reddit.com/r/pokemongo">r/pokemongo</a>', '<a href="https://www.reddit.com/r/PokemonInfiniteFusion">r/PokemonInfiniteFusion</a>', '<a href="https://www.reddit.com/r/PokemonTCG">r/PokemonTCG</a>', '<a href="https://www.reddit.com/r/PokemonScarletViolet">r/PokemonScarletViolet</a>']
pc,5,['<a href="https://www.reddit.com/r/pcmasterrace">r/pcmasterrace</a>', '<a href="https://www.reddit.com/r/pcgaming">r/pcgaming</a>', '<a href="https://www.reddit.com/r/PcBuild">r/PcBuild</a>', '<a href="https://www.reddit.com/r/sffpc">r/sffpc</a>', '<a href="https://www.reddit.com/r/bapcsalescanada">r/bapcsalescanada</a>']
life,5,['<a href="https://www.reddit.com/r/LifeProTips">r/LifeProTips</a>', '<a href="https://www.reddit.com/r/Serverlife">r/Serverlife</a>', '<a href="https://www.reddit.com/r/UnethicalLifeProTips">r/UnethicalLifeProTips</a>', '<a href="https://www.reddit.com/r/BuyItForLife">r/BuyItForLife</a>', '<a href="https://www.reddit.com/r/japanlife">r/japanlife</a>']
k,5,['<a href="https://www.reddit.com/r/TikTokCringe">r/TikTokCringe</a>', '<a href="https://www.reddit.com/r/Warhammer40k">r/Warhammer40k</a>', '<a href="https://www.reddit.com/r/tiktokthots">r/tiktokthots</a>', '<a href="https://www.reddit.com/r/40kLore">r/40kLore</a>', '<a href="https://www.reddit.com/r/NBA2k">r/NBA2k</a>']
finance,5,['<a href="https://www.reddit.com/r/personalfinance">r/personalfinance</a>', '<a href="https://www.reddit.com/r/PersonalFinanceCanada">r/PersonalFinanceCanada</a>', '<a href="https://www.reddit.com/r/UKPersonalFinance">r/UKPersonalFinance</a>', '<a href="https://www.reddit.com/r/AusFinance">r/AusFinance</a>', '<a href="https://www.reddit.com/r/povertyfinance">r/povertyfinance</a>']
circle,5,['<a href="https://www.reddit.com/r/SquaredCircle">r/SquaredCircle</a>', '<a href="https://www.reddit.com/r/nbacirclejerk">r/nbacirclejerk</a>', '<a href="https://www.reddit.com/r/Gamingcirclejerk">r/Gamingcirclejerk</a>', '<a href="https://www.reddit.com/r/soccercirclejerk">r/soccercirclejerk</a>', '<a href="https://www.reddit.com/r/vexillologycirclejerk">r/vexillologycirclejerk</a>']
career,5,['<a href="https://www.reddit.com/r/cscareerquestions">r/cscareerquestions</a>', '<a href="https://www.reddit.com/r/careerguidance">r/careerguidance</a>', '<a href="https://www.reddit.com/r/careeradvice">r/careeradvice</a>', '<a href="https://www.reddit.com/r/ITCareerQuestions">r/ITCareerQuestions</a>', '<a href="https://www.reddit.com/r/FinancialCareers">r/FinancialCareers</a>']
car,5,['<a href="https://www.reddit.com/r/cars">r/cars</a>', '<a href="https://www.reddit.com/r/fuckcars">r/fuckcars</a>', '<a href="https://www.reddit.com/r/whatisthiscar">r/whatisthiscar</a>', '<a href="https://www.reddit.com/r/askcarsales">r/askcarsales</a>', '<a href="https://www.reddit.com/r/whatcarshouldIbuy">r/whatcarshouldIbuy</a>']
