,name,all_cols
27,r/Piracy,[]
28,r/nextfuckinglevel,[]
36,r/meirl,[]
41,r/CombatFootage,[]
80,r/TwoHotTakes,[]
88,r/feedthebeast,[]
93,r/MaliciousCompliance,[]
94,r/Fauxmoi,[]
99,r/maybemaybemaybe,[]
112,r/VALORANT,[]
113,r/SquaredCircle,[]
114,r/tearsofthekingdom,[]
115,r/greentext,[]
116,r/CrackWatch,[]
123,r/UFOs,[]
136,r/pathofexile,[]
138,r/OutOfTheLoop,[]
140,r/bald,[]
143,r/Amd,[]
146,r/ATBGE,[]
164,r/projectzomboid,[]
170,r/Superstonk,[]
177,r/Terraria,[]
186,r/EscapefromTarkov,[]
190,r/conspiracy,[]
192,r/ImTheMainCharacter,[]
204,r/CPS,[]
205,r/CompetitiveTFT,[]
210,r/BaldursGate3,[]
215,r/TeamfightTactics,[]
222,r/OshiNoKo,[]
233,r/Gunners,[]
235,r/Asmongold,[]
237,r/xqcow,[]
242,r/cars,[]
243,r/Roms,[]
253,r/runescape,[]
255,r/hoi4,[]
260,r/Stellaris,[]
262,r/BattleBitRemastered,[]
264,r/TOTK,[]
267,r/eu4,[]
268,r/firstimpression,[]
269,r/Justrolledintotheshop,[]
271,r/LeopardsAteMyFace,[]
276,r/CitiesSkylines,[]
279,r/ContagiousLaughter,[]
282,r/ich_iel,[]
285,r/ksi,[]
290,r/KGBTR,[]
296,r/40kLore,[]
302,r/changemyview,[]
306,r/starcitizen,[]
307,r/arknights,[]
308,r/ValorantCompetitive,[]
309,r/valheim,[]
310,r/battlestations,[]
312,r/recruitinghell,[]
314,r/whenthe,[]
317,r/loseit,[]
318,r/apexlegends,[]
332,r/boxoffice,[]
337,r/chelseafc,[]
338,r/fuckcars,[]
342,r/CrackSupport,[]
349,r/ChoosingBeggars,[]
351,r/ADHD,[]
368,r/IASIP,[]
383,r/TheSilphRoad,[]
393,r/Polska,[]
410,r/BollyBlindsNGossip,[]
414,r/Finanzen,[]
417,r/SipsTea,[]
419,r/Watches,[]
423,r/factorio,[]
425,r/hiphopheads,[]
432,r/Celebhub,[]
442,r/motorcycles,[]
443,r/HuntShowdown,[]
446,r/redscarepod,[]
457,r/h3h3productions,[]
468,r/Rainbow6,[]
477,r/rareinsults,[]
478,r/IAmTheMainCharacter,[]
480,r/PleX,[]
487,r/TwoBestFriendsPlay,[]
496,r/tf2,[]
497,r/NewGreentexts,[]
513,r/EDH,[]
514,r/tressless,[]
515,r/tjournal_refugees,[]
517,r/JEENEETards,[]
518,r/fo76,[]
519,r/singularity,[]
520,r/HFY,[]
523,r/Berserk,[]
529,r/Fantasy,[]
532,r/YouShouldKnow,[]
533,r/nonononoyes,[]
536,r/PERSoNA,[]
546,r/LateStageCapitalism,[]
549,r/fo4,[]
550,r/privacy,[]
552,r/Sneakers,[]
554,r/btd6,[]
555,r/RocketLeague,[]
557,r/whowouldwin,[]
565,r/trashy,[]
576,r/popheads,[]
577,r/Pandabuy,[]
579,r/NoahGetTheBoat,[]
584,r/MtF,[]
610,r/Jujutsushi,[]
613,r/BlueArchive,[]
614,r/ClashRoyale,[]
618,r/CFB,[]
619,r/7daystodie,[]
621,r/ROGAlly,[]
625,r/Persona5,[]
627,r/csgo,[]
631,r/TrashTaste,[]
635,r/TheMajorityReport,[]
637,r/WinStupidPrizes,[]
654,r/Repsneakers,[]
655,r/yuzu,[]
656,r/coys,[]
658,r/EulaMains,[]
661,r/ARK,[]
663,r/moreplatesmoredates,[]
664,r/namenerds,[]
666,r/197,[]
672,r/blankies,[]
676,r/wohnen,[]
679,r/daddit,[]
685,r/DivinityOriginalSin,[]
687,r/bindingofisaac,[]
693,r/godot,[]
696,r/fixedbytheduet,[]
700,r/collapse,[]
703,r/synology,[]
707,r/vexillologycirclejerk,[]
710,r/FantasyPL,[]
712,r/allthemods,[]
722,r/HydroHomies,[]
724,r/ClashOfClans,[]
729,r/assettocorsa,[]
735,r/fut,[]
739,r/forsen,[]
743,r/Ubiquiti,[]
744,r/overclocking,[]
745,r/Bogleheads,[]
748,r/Seaofthieves,[]
749,r/masseffect,[]
751,r/ZoroZone,[]
759,r/IBO,[]
768,r/overemployed,[]
773,r/Beichtstuhl,[]
777,r/subnautica,[]
783,r/VaushV,[]
784,r/UrbanHell,[]
785,r/nattyorjuice,[]
789,r/AbsoluteUnits,[]
797,r/Ratschlag,[]
798,r/HighStrangeness,[]
803,r/madlads,[]
805,r/vexillology,[]
808,r/Bannerlord,[]
811,r/BlueLock,[]
813,r/thefighterandthekid,[]
816,r/emulation,[]
819,r/neovim,[]
821,r/CalamityMod,[]
822,r/AbruptChaos,[]
828,r/LowSodiumCyberpunk,[]
829,r/Guiltygear,[]
830,r/stunfisk,[]
832,r/Eve,[]
840,r/razer,[]
845,r/thedivision,[]
846,r/19684,[]
847,r/wordington,[]
849,r/ForzaHorizon,[]
851,r/msp,[]
856,r/hoggit,[]
857,r/Piratefolk,[]
863,r/nier,[]
868,r/EnoughMuskSpam,[]
869,r/GenP,[]
872,r/Tekken,[]
879,r/lastimages,[]
884,r/nova,[]
885,r/OUTFITS,[]
888,r/Pikmin,[]
889,r/airsoft,[]
894,r/thinkpad,[]
895,r/JustUnsubbed,[]
896,r/criticalrole,[]
897,r/CompetitiveApex,[]
903,r/BambuLab,[]
908,r/Kiddions,[]
914,r/dayz,[]
916,r/onebag,[]
917,r/MTB,[]
919,r/Gunpla,[]
922,r/swtor,[]
923,r/PropagandaPosters,[]
926,r/CharacterRant,[]
929,r/assetto_pirate,[]
932,r/BocchiTheRock,[]
934,r/Kengan_Ashura,[]
941,r/ConanExiles,[]
947,r/OMORI,[]
951,r/riskofrain,[]
967,r/aoe2,[]
971,r/needforspeed,[]
975,r/Brawlstars,[]
979,r/blackmagicfuckery,[]
980,r/Youmo,[]
981,r/Faces,[]
985,r/Wrasslin,[]
986,r/ObsidianMD,[]
994,r/HelluvaBoss,[]
995,r/beyondthebump,[]
998,r/HypixelSkyblock,[]
